url,name,address,city,state,phone
http://oakhavencpas.com/,Oak Haven CPAs,"îƒˆ449 E 1000 S, Pleasant Grove, UT 84062",Pleasant Grove,UT,î‚°(801) 369-4752
http://blazzardcpa.com/,Brian Blazzard CPA,"îƒˆ228 W 200 S #2a, Kamas, UT 84036",Kamas,UT,î‚°(801) 520-3690
https://www.hickencpa.com/,MARK HICKEN CPA,"îƒˆ91 N 200 E, Roosevelt, UT 84066",Roosevelt,UT,î‚°(435) 722-3810
http://www.khc.tax/,K Hunter Chamberlain CPA,,Hanna,UT,î‚°(435) 200-3383
https://dowcpa.com/,Dow Tax & Accounting,"îƒˆ3714 E Campus Dr Ste 103, Eagle Mountain, UT 84005",Eagle Mountain,UT,î‚°(801) 753-8540
https://www.csaccounting.com/,"Sorenson & Company, CPA","îƒˆ11075 State St Ste 6A, Sandy, UT 84070",Sandy,UT,î‚°(801) 553-1120
https://www.heywoodcpa.com/,"Heywood CPA, LLC","îƒˆ380 E Main St Building B, Suite 202, Midway, UT 84049",Midway,UT,î‚°(435) 657-5038
http://www.reescpa.com/,Rees CPA,"îƒˆ337 S Main St #130, Cedar City, UT 84720",Cedar City,UT,î‚°(435) 586-5312
https://notyourdadscpa.com/,Not Your Dad's CPA,,Hanna,UT,î‚°(269) 281-3903
https://splinternetmarketing.com/local-pros/ut/millcreek/bown-mark-s-cpa/,Bown Mark S CPA,"îƒˆMillcreek, UT 84106",îƒˆMillcreek,UT,î‚°(801) 281-0920
http://www.cfjcpa.com/,Carver Florek & James,"îƒˆ2246 University Park Blvd, Layton, UT 84041",Layton,UT,î‚°(801) 926-1177
http://www.masoncpa.com/,MASON CPA,"îƒˆ10718 Beckstead Ln Ste 201 Office #5, South Jordan, UT 84095",South Jordan,UT,î‚°(801) 554-1517
https://paramountcpa.com/draper,Paramount Tax & Accounting CPAs Draper,"îƒˆ12481 S Fort St #225, Draper, UT 84020",Draper,UT,î‚°(801) 890-4777
http://www.sandocpa.com/,Skidmore & Olausson PLLC,"îƒˆ1010 N 500 E Suite 115, North Salt Lake, UT 84054",North Salt Lake,UT,î‚°(801) 951-8900
http://amylarsenaccounting.com/,Amy Larsen Accounting,"îƒˆ360 E 300 N St, Fairview, UT 84629",Fairview,UT,î‚°(435) 469-0088
https://paramountcpa.com/kaysville,Paramount Tax & Accounting CPAs Kaysville / Layton,"îƒˆ610 N Kays Dr #105, Kaysville, UT 84037",Kaysville,UT,î‚°(385) 480-1001
https://cmp.cpa/locations/logan/?utm_source=GBP&utm_medium=organic&utm_campaign=website&force_utm=true,CMP: Logan,"îƒˆ632 N Main St, Logan, UT 84321",Logan,UT,î‚°(435) 710-3645
https://cmp.cpa/locations/layton/?utm_source=GBP&utm_medium=organic&utm_campaign=website&force_utm=true,CMP: Layton,"îƒˆ1916 Layton Hills Pkwy #210, Layton, UT 84041",Layton,UT,î‚°(385) 425-0645
http://www.davistaxes.com/,Davis Schuler & Associates LLC,"îƒˆ4640 S 3500 W Ste 2, West Haven, UT 84401",West Haven,UT,î‚°(801) 620-0586
https://www.hayniecpas.com/salt-lake-city-ut-corporate/?utm_source=GBPlisting&utm_medium=organic,Results,"îƒˆ1785 2320 S, Salt Lake City, UT 84119",Salt Lake City,UT,î‚°(801) 972-4800
http://www.averettcpa.com/,Results,"îƒˆ5675 S Redwood Rd UNIT 11, Salt Lake City, UT 84123",Salt Lake City,UT,î‚°(801) 506-0606
https://hannahsbookkeeping.services/,Results,"îƒˆ815 W 1250 S Suite 331, Orem, UT 84058",Orem,UT,î‚°(385) 336-1571
http://www.rickscpas.com/,Results,"îƒˆ7442 S Parkridge Cir, Salt Lake City, UT 84121",Salt Lake City,UT,î‚°(801) 943-9191
http://www.ap-cpa.com/,Results,"îƒˆ1355 N Main St, Bountiful, UT 84010",Bountiful,UT,î‚°(801) 298-1067
http://warbyjohnson.com/,Results,"îƒˆ98 W Harding Ave, Cedar City, UT 84720",Cedar City,UT,î‚°(435) 233-2230
https://preferredaccounting.com/,Results,"îƒˆ41 W 9000 S, Sandy, UT 84070",Sandy,UT,î‚°(801) 365-0945
https://www.bangertercpa.com/?utm_source=google&utm_medium=google_business_profile&utm_campaign=website_click,Results,"îƒˆ300 S 200 W, Bountiful, UT 84010",Bountiful,UT,î‚°(801) 397-1000
http://www.crossroadscpas.com/,Results,"îƒˆ1680 US-40 Ste 204, Vernal, UT 84078",Vernal,UT,î‚°(435) 789-0961
https://klinglercpa.com/,Results,"îƒˆ8941 S 700 E STE 104, Sandy, UT 84070",Sandy,UT,î‚°(801) 676-0945
https://www.taxtrio.com/,Results,"îƒˆ1435 N 1200 W, Orem, UT 84057",Orem,UT,î‚°(801) 226-9074
https://elevateofutah.com/,Results,"îƒˆ13961 Minuteman Dr #375, Draper, UT 84020",Draper,UT,î‚°(801) 598-5549
http://www.linkedaccounting.com/,Results,"îƒˆ612 N Kays Dr Ste 150, Kaysville, UT 84037",Kaysville,UT,î‚°(385) 552-5962
http://tannerco.com/,Results,"îƒˆ3300 Triumph Blvd #410, Lehi, UT 84043",Lehi,UT,î‚°(801) 532-7444
https://riseaccountingllc.com/,Results,"îƒˆ1355 N 900 W, Mapleton, UT 84664",Mapleton,UT,î‚°(385) 318-3800
https://www.fusiontaxes.com/park-city-accounting-firm-tax-cfo-services/,Results,"îƒˆ1090 Center Dr, Park City, UT 84098",Park City,UT,î‚°(404) 955-7338
https://www.ashfordsky.com/,Results,,Hanna,UT,î‚°(385) 412-1299
http://kimbaltax.com/,"Kimbal Tax & Accounting Services, PLLC","îƒˆ2397 E 1950 S, Spanish Fork, UT 84660",Spanish Fork,UT,î‚°(801) 734-5023
